Protein accession,Gene name,FY_1,FY_2,FY_3,FY_4,MY_1,MY_2,MY_3,MY_4,FV_1,FV_2,FV_3,FV_4,MV_1,MV_2,MV_3,MV_4,FWT_1,FWT_2,FWT_3,FWT_4,MWT_1,MWT_2,MWT_3,MWT_4,FGES_1,FGES_2,FGES_3,FGES_4,MGES_1,MGES_2,MGES_3,MGES_4
A0A2K5TJB2,TGFB1,0.710935321,0.737127767,0.766076749,0.748888534,0.861384015,0.909190897,0.895843151,0.909441933,1.390576706,1.355470519,1.334881635,1.297420764,0.929899461,0.948048036,0.977475739,0.969441599,1.071799292,1.058809614,0.989492408,1.13627091,1.000672289,1.049848195,0.986913933,1.02307097,1.217643705,1.087270145,1.20395346,1.275313986,0.719275959,0.78725625,0.853958979,0.796347079
A0A2K5TPK4,HNRNPU,0.477720791,0.478708031,0.382474775,0.320877688,1.722379405,2.285598939,1.599861126,2.042207781,0.704915101,0.473454573,0.44998348,0.48045984,2.090397319,1.824226727,1.537119156,2.037882447,0.715961944,0.546656166,0.665245189,0.962300043,0.393031939,0.217409597,0.355531592,0.266790326,0.556458613,0.572857441,0.722837155,0.753170652,1.454632382,1.473559412,1.68322479,1.752065579
A0A2K5TPZ9,NFKB1,,,1.345926621,0.577729067,1.13781112,0.844737233,1.130721682,1.008379635,1.102998476,1.16317118,0.939919509,1.062606181,0.956992146,0.707521588,0.752454187,0.935072871,0.906944868,1.213623256,1.23462353,1.196195053,0.658573829,0.929493221,0.87048568,0.9328246,0.921534013,1.111335131,1.135934826,0.936030164,,0.557489157,1.728871176,
A0A2K5TSK2,CDH5,0.968931869,0.89510593,1.045734971,0.933233341,1.541797033,1.533150653,1.538150969,1.460388378,1.189674991,1.101440247,1.160550343,1.188452326,0.868958444,0.838172506,0.981251727,0.905342323,0.804497132,0.799990268,0.678255598,0.739350469,0.868475957,0.881486648,0.910287811,0.981624558,0.770339271,0.81867566,0.721460084,0.724733317,1.194669825,1.110371732,0.935163287,0.910282328
A0A2K5TXF6,MAPK1,0.683848976,0.506094149,0.523202715,0.553210572,0.931735121,0.950972968,0.882681265,0.909517189,1.15433908,1.108485212,0.96509235,1.055533739,1.557795485,1.389166692,1.32361242,1.302296855,1.033967938,0.984861001,1.007753812,1.04155085,0.9977747,1.002612597,0.962673401,0.817020831,1.2424146,1.247889462,1.235771969,1.101546848,0.927299118,0.934146487,0.843022636,0.822108965
A0A2K5TZC4,PCSK9,0.91074429,0.749191021,0.722233731,0.781227513,0.548584168,0.480470908,0.47332828,0.515218714,0.803659695,1.026516918,1.040141301,0.86854795,0.927606665,0.85632179,0.79431656,0.841248679,1.025418829,1.069112957,1.053611289,1.100794482,0.780521908,0.735368952,0.63612682,0.767148599,1.303652345,1.422214206,1.494194585,1.387451971,2.06212734,1.341984451,1.739843286,1.741069798
A0A2K5TZI7,TGFB2,0.764155254,0.460660917,1.005711028,0.572532447,0.748770883,0.716001613,0.584338718,0.667668095,1.360460674,1.218360034,1.450656989,1.187666646,1.157629567,1.462771969,1.440554691,1.216437291,0.620107563,0.769004649,0.72198861,0.918414628,0.996972395,1.047688071,1.45750205,0.995193068,1.265519488,1.032614839,1.236814473,0.923628639,0.989711671,1.020152259,0.991376752,0.998934029
A0A2K5U698,APP,0.738248299,1.01517258,1.128200671,1.139527041,1.252020706,1.359813727,1.314094499,1.362528953,0.626694188,0.566755223,0.559755974,0.622700364,1.195725028,1.133904081,1.230183971,1.080082276,0.800606544,0.762972655,0.83228705,0.78749301,1.288358757,1.351214076,1.312962437,1.282632361,1.225359776,1.237809589,1.107424167,1.119066595,0.605748161,0.555848348,0.716371338,0.688437556
A0A2K5U6Y8,BAG6,0.714750004,0.696126033,0.66861412,0.694231974,0.921219392,0.96404774,0.926720643,0.984916312,1.513364415,1.388865375,1.367725416,1.334440863,0.886102973,0.793480663,0.842946698,0.791903223,1.352086708,1.336719388,1.242864526,1.338234635,1.533848521,1.790343681,1.782778753,1.575676127,0.686299542,0.615212965,0.676280818,0.656599567,0.467916806,0.488032277,0.500814631,0.466835213
A0A2K5U918,FMR1,0.703717276,,,,1.104487536,0.641131084,0.838151793,1.493108405,0.83955378,,0.824694114,1.159314221,1.220647648,1.05729543,1.263272888,1.20219626,1.251491346,1.032906422,1.039652613,1.133408707,0.795589018,,0.775065883,,,0.820793538,0.803522039,,,,,
A0A2K5UAU4,MDK,1.184446208,1.436541295,2.157259074,1.024367772,0.820852001,0.817172295,0.697031647,1.17404665,1.32038812,1.098640467,1.095161937,0.983146367,1.235438125,1.142514684,0.561516107,0.850929199,0.888966331,0.815801601,0.74219849,0.591522744,0.765160991,0.853440887,0.937281416,0.558135162,0.83845033,0.865512902,0.79170261,0.951775041,0.989657538,1.098269644,1.29630264,1.416369724
A0A2K5UBM3,PTGR1,0.767581236,0.501091116,0.773945001,0.677281882,0.57907635,0.419730412,0.626030755,0.686646531,1.082595455,1.617576634,1.087841757,1.190611572,1.188696671,1.826117148,1.255581779,1.033012652,1.126213211,1.085937349,0.958310554,1.042791759,0.8304844,0.95716686,0.658678494,0.706236224,1.349490589,1.375507002,0.930468428,1.132015622,1.394729453,0.974999042,0.978503572,1.185050491
A0A2K5UCD0,DDX3X,0.412781498,0.422195271,0.404437559,0.435343878,1.037604885,1.031086182,1.080764447,1.086069521,1.189444639,1.311269602,1.370584043,1.319891545,1.111676518,1.058970891,1.099156775,1.133299438,1.130968043,1.166437454,1.138581504,1.166088511,1.177185644,1.235667991,1.160495848,1.196122474,0.969436512,1.005914404,1.009300295,1.045868299,0.766779638,0.786389428,0.737550926,0.802636336
A0A2K5UCX1,DNM1L,0.431353743,0.410307093,0.461470443,0.508845246,1.409469645,1.38805612,1.303131279,1.412141094,1.688808326,1.633372754,1.674357941,1.585753867,0.758285855,0.828095443,0.74587799,0.769778778,1.047756278,1.015201731,0.996338362,1.054165361,1.578640982,1.699500114,1.672740695,1.628011885,0.739326649,0.691285482,0.791836206,0.700253705,0.332324427,0.339371423,0.35600509,0.348135994
A0A2K5UNF2,VCP,1.123873143,1.087181937,1.120025222,1.08637445,1.375372285,1.564299448,1.524229982,1.457711207,0.908785059,0.962985542,0.896409089,0.912245716,0.94826127,0.94146355,0.874046652,0.824691089,0.842167408,0.841343442,0.815096005,0.835756952,1.148130702,1.061589553,1.14599663,1.107772847,0.929771473,0.940598386,0.91286369,0.950065755,0.729929231,0.693914501,0.721024631,0.716023157
A0A2K5UPQ6,INPP5K,0.811037358,1.592576188,2.04283338,0.786943439,,,,,,0.930173632,,0.909864746,1.122090946,1.56027978,0.538076602,0.967979259,,,,,0.60747679,0.543738935,0.370963615,1.148414991,,,1.06755034,,,,,
A0A2K5UQX0,STK4,0.546754396,0.691516262,0.868045998,0.605714353,1.333040482,1.375914833,1.135681157,1.147887818,1.019906677,1.228350172,1.01210073,1.023962405,1.057384833,1.255346596,1.136692085,1.178521181,1.017199997,1.099219078,1.188990899,1.20465085,1.113790865,0.914074996,0.990050818,1.013183745,1.094227941,1.01430452,1.095652509,1.00517012,0.777944639,0.551144812,0.831341915,0.472232319
A0A2K5US25,CORO1A,0.772433848,0.677625649,0.684863146,0.736482558,0.970105111,0.971028407,1.24632812,1.28673843,1.38745644,1.196012058,1.38184509,1.390254958,0.895375382,0.949105492,0.784257765,0.959927382,1.291834452,1.501980949,1.389510595,1.340704732,1.069012316,1.083505918,0.953070655,1.055434853,1.019533663,0.884596437,1.017687071,0.896606444,0.540211985,0.560030644,0.573520788,0.532918661
A0A2K5UT59,PRKCB,0.327741327,0.329764413,0.341040124,0.340692848,1.224774832,1.183431455,1.212263463,1.278145006,1.146126174,1.124737724,1.074456693,1.098436256,1.185477424,1.181324915,1.155198431,1.213656607,1.265196177,1.215978512,1.240947408,1.186742694,1.110126545,1.038860873,1.050833829,1.131165027,1.075210471,1.108444005,1.102030161,1.119912198,0.710974175,0.748932281,0.748165043,0.72921291
A0A2K5UX81,PDGFB,0.652880246,0.632801159,0.565915572,0.403736951,1.924899635,1.398080997,1.663010899,1.554838316,1.161345237,0.975005187,0.958661032,1.092443821,0.839836977,0.895701505,1.030182285,0.958948253,1.187606972,0.994326094,0.909198791,0.984866801,1.210225643,1.068642474,1.12313003,1.359285012,0.975394836,1.066129288,0.994977621,0.907379371,0.504793417,0.635505474,0.648163271,0.722086834
A0A2K5UXZ0,TF,1.17644708,1.160381627,1.295034506,1.134226223,0.992749504,0.990395358,1.024912221,1.011200914,0.953969729,0.969329998,0.997091948,0.954632495,0.875206597,0.875307337,0.918047802,0.900131907,0.726344011,0.743501702,0.700236326,0.746105047,0.969340602,0.928964887,0.960910217,0.997155573,1.210014861,1.134554955,1.094163333,1.231838426,1.016227333,1.170137546,1.125859463,1.015580473
A0A2K5UZ51,F2,0.974329673,0.960367088,0.962288258,0.979352774,0.460734127,0.470012641,0.417922807,0.450520358,0.811143179,0.811287365,0.809958522,0.777579198,0.82519929,0.895955264,0.909797045,0.900456181,0.734495096,0.725076294,0.773292611,0.78530285,0.48585353,0.470893339,0.481816344,0.511004109,1.215052742,1.081556713,1.214265569,1.161552232,2.4706605,2.523654413,2.334658766,2.613961124
A0A2K5V0S9,BMPR2,0.920341866,0.974152649,0.856156238,0.917640723,,0.961913793,0.822983526,1.069446066,0.886856624,1.001208724,,0.822151976,1.229198573,1.204692957,0.926637091,,,0.914615889,0.884507076,,1.289354809,1.089927872,,1.136243542,1.019938136,,1.114199091,1.126175646,0.905987859,1.069613492,,0.856055783
A0A2K5V2B8,STAT5B,0.55272761,0.643991033,0.591211106,0.984110408,1.370619207,1.121320882,1.488936154,1.349382296,1.507751968,1.735257426,1.714355283,1.546800386,1.276686599,1.262067355,1.317035237,0.715515038,0.906647241,0.6861809,0.596295411,0.905376912,0.877970685,1.174857029,0.940662168,0.907735241,1.18815812,1.143358848,0.928990086,0.460606342,0.838312509,0.175234858,0.855104764,0.236740899
A0A2K5V619,THBS1,1.208309627,1.16186035,1.249058595,1.233459625,0.743335514,0.772046533,0.736534363,0.777011463,0.699578173,0.760570148,0.755480427,0.716046229,0.78265829,0.821793879,0.802865642,0.82002451,0.638381183,0.6935436,0.640333283,0.668264354,1.050127153,1.106791527,1.072607497,1.043736031,1.486252084,1.473576806,1.453556642,1.506704563,1.260900442,1.279908902,1.276726712,1.307955851
A0A2K5V9B8,SFRP1,0.580876381,0.510336253,0.516482841,0.490927298,0.571999232,0.477425771,0.553698194,0.635228988,2.070204849,2.078145447,2.4283415,2.570688484,0.68876682,0.766139,0.76915831,0.71779865,0.639189871,0.589205534,0.655918482,0.577551373,0.907092456,0.750195033,0.798817855,0.724276671,0.954189931,0.872166381,0.753565864,0.857741485,1.60039138,1.78998649,1.569721214,1.533771962
A0A2K5VB30,CMPK1,0.308368212,0.35083397,0.403074162,0.393980392,1.101374074,1.080731319,1.2024985,1.095449613,1.00022179,0.932759076,1.143421035,0.97398887,1.205488589,1.241453226,1.388756878,1.2844195,0.764425444,1.084324997,1.133531456,1.138415886,1.214143131,1.17026683,1.05746063,1.168372488,1.112879415,1.091029482,1.07116675,1.246449088,1.232687252,0.800226648,0.92145617,0.686345129
A0A2K5VB66,GPX1,1.323562421,1.262065938,1.318313936,1.407889336,1.197257121,1.097127807,1.05849023,1.125989726,0.73378178,0.701223144,0.731428029,0.754286935,0.638972132,0.729316297,0.791462908,0.72740862,0.66394277,0.719018638,0.790366706,0.629381547,1.258914949,1.290016728,1.35946661,1.346606399,1.086592875,1.088249042,1.124884033,1.067444923,0.89692138,1.121173079,0.900390315,1.058053647
A0A2K5VBQ7,FLNA,1.226417979,1.252057036,1.28700522,1.288112473,0.755070238,0.74794199,0.738261318,0.761436533,0.869538049,0.887131068,0.875787876,0.856857952,1.249169977,1.279172431,1.308543341,1.287636765,0.819312234,0.816367762,0.78909161,0.787567702,1.476435696,1.52219395,1.503403457,1.487196555,1.014227303,0.970781978,1.030827896,1.015498594,0.5171306,0.533483496,0.520782894,0.525558025
A0A2K5VI33,PLA2G4A,0.465675002,0.950629042,0.936202073,0.852005112,0.668081539,0.855757251,0.958262563,0.850231473,1.191852141,0.952639166,0.943313127,1.369717845,1.555508551,1.37114913,1.304454819,1.376824774,0.798626839,0.83906305,1.04181744,0.932243697,1.244801441,1.448801503,1.351845342,1.316683301,0.91659993,1.129055711,1.031541335,1.182773587,0.434641826,0.430011117,0.540345187,0.758845088
A0A2K5VKA4,HDAC6,,,,0.963051205,0.727072296,0.970334365,1.078965582,0.531679729,1.086645181,1.860080509,1.354814977,1.241394771,,0.683251007,,0.681019619,1.254101223,1.038920662,1.099668785,1.324733149,0.651327433,0.345094915,0.787229157,1.306875249,1.452665306,0.780258618,1.022841077,1.0867879,0.76806867,,0.903118615,
A0A2K5VKS4,KATNA1,,0.436120005,0.534210341,0.753926682,0.777357147,1.092864362,0.716254833,0.67442742,1.346888525,1.422497738,1.249909094,1.166675086,0.963601038,0.974440821,0.878711316,1.006024607,1.024797284,0.967840514,0.842994511,1.032885478,1.191866468,1.088458313,0.889023827,1.224796616,1.456426073,1.066622191,1.3316214,1.350821156,,1.0140865,0.81751006,0.706340595
A0A2K5VL02,NAPEPLD,0.780752174,0.652051583,0.508231699,0.701554323,0.641406034,0.671395042,0.698533729,0.727253855,1.145919721,1.08997927,0.812460238,0.925803621,1.337602594,1.372158645,1.422470764,1.277300359,1.266332924,1.079021165,1.236663469,1.371020383,1.200803548,0.939124553,1.123016861,1.071069657,1.218155047,1.387091338,1.155226413,1.046160844,0.465964388,1.169214442,0.814155969,0.692105348
A0A2K5VM36,DAG1,1.009076984,0.483777392,1.193438249,1.561781726,1.00663794,1.262625976,1.144891176,1.175628091,,0.820863199,0.71165354,1.18049378,1.487193385,1.26208928,1.073623974,1.646035908,0.947420714,0.807231476,1.130214401,1.186470058,0.768596451,1.212583948,1.135583132,1.278234441,0.829723111,0.389876852,0.717574909,,0.387678702,,0.624405906,0.564595302
A0A2K5VN26,BCR,0.322663933,0.382934484,0.315197936,0.358709697,1.060855228,1.01674299,0.974329072,0.980554412,1.576047578,1.534526934,1.568471301,1.491258341,0.957621562,1.073862825,0.992382006,1.013864666,1.330094277,1.27432538,1.212480021,1.175172095,1.003536888,1.008047365,0.980184972,0.961867365,0.970000559,1.017470842,1.032402834,1.063678412,0.764520237,0.806801818,0.878787477,0.900606493
A0A2K5VPG2,BCL2L1,,1.379543657,,0.975704423,,0.612110437,,0.686082583,,1.264559743,,,1.044679558,1.030191737,0.64617086,1.621336964,0.744145042,0.670611744,0.834606154,0.962521443,1.102297318,1.508652611,0.733741429,,1.047722235,1.13532206,,,,,,
A0A2K5VRE6,PTN,,,,,,0.449871601,,,2.173793328,0.568689335,,2.252328599,,0.399896255,,0.813909619,,,,,,,0.688677211,,0.435100058,,1.325165456,,0.730470605,,1.095654639,1.066443294
A0A2K5VTL2,PIK3R1,0.559754534,0.571963432,0.556011757,0.451450009,1.229066725,1.285441053,1.46287061,1.343311163,1.278766546,1.096111727,1.251307328,1.259760154,0.997872147,0.947949622,1.025507535,1.026195594,1.008372531,1.079272556,1.052896949,1.018510603,1.158642026,0.916847346,1.24088672,1.231563018,0.941620806,1.037889278,0.998201219,1.072285596,0.705004852,0.690066985,0.780116332,0.724483247
A0A2K5VV75,CLU,1.262388449,1.344373174,1.269609286,1.193220957,1.587127992,1.581591027,1.58692989,1.567822902,0.995375978,0.99398926,0.952647247,0.90449645,0.860331476,0.865364271,0.859975882,0.855130295,0.761768543,0.752328958,0.761416911,0.761515962,0.732101701,0.780293109,0.751067045,0.750238977,0.857037031,0.903972469,0.851136548,0.841541453,0.926326357,0.990898861,0.945538338,0.952443201
A0A2K5VVN8,MYD88,0.176006541,,0.270351247,0.218512656,1.522458111,1.835453097,1.536792475,1.734191992,1.038606801,1.202149143,1.081739873,1.081424865,1.050259015,1.217501929,1.07986512,1.041932729,1.066576703,1.180341765,0.851145308,0.971230396,1.191122357,1.412277405,1.125270526,1.000299765,1.156855366,1.126461743,1.027924076,0.955770569,0.336768867,0.616558101,0.424818012,0.469333446
A0A2K5VW43,ANGPT1,0.842080965,0.747312449,0.903883445,0.995214858,0.63317687,1.129353951,0.828461977,0.990460821,0.884364274,0.682534527,0.899457641,0.7327608,0.73291691,0.907368582,0.613992603,0.87576351,0.798177842,0.605299774,0.545423993,0.652350462,1.633451314,1.198469615,1.347061621,1.300156369,1.856542801,1.705368964,1.451335543,1.255368618,0.809476518,1.260509596,1.054671674,1.127231113
A0A2K5VXY8,MAPK3,0.48673056,0.234227163,,0.640106193,0.617962875,0.629641775,0.676152371,0.605178207,0.558453291,0.770940928,0.764977235,0.785971299,1.192412531,0.901632783,1.096748057,1.673586296,0.464888534,0.591713306,0.658798644,,0.470873969,,0.431979507,,1.893481958,1.656378556,1.815130831,1.581441022,1.283271885,1.873606087,1.70778435,1.935929788
A0A2K5VY13,PARK7,0.641981628,0.640895179,0.613820695,0.65642044,1.323016065,1.472726871,1.294763834,1.394735374,1.058657531,1.091584231,0.957389556,0.982701985,1.151845615,1.076615889,1.103274967,1.086215896,1.05054112,1.20003281,1.049116868,1.050007026,1.05768064,0.933633762,0.920769844,1.041406734,1.003303426,0.900341869,0.985189861,1.029816426,0.810833103,0.853775217,0.776377159,0.790528381
A0A2K5VZB4,DDB1,1.006007136,0.928996958,1.004789641,0.93401488,1.689577051,0.856298943,1.34496542,1.259408527,1.041057401,1.227115814,0.840798926,0.963118339,1.086381188,0.948969207,0.904814409,0.997293075,0.718928192,0.637584025,0.983733289,0.844167652,1.051750497,0.909550997,1.133140745,0.864661337,1.00772424,0.795974749,0.782206388,1.64804884,1.254548249,0.801145464,0.798016842,0.735211578
A0A2K5VZL5,VPS4B,0.386956861,0.390227448,0.422959224,0.388705492,1.220442761,1.220937127,1.233408534,1.270369406,1.164497373,1.129531235,1.159182399,1.073344061,1.160406441,1.186769747,1.153513382,1.064456268,0.939167958,1.000760776,0.964169059,0.949435227,0.865483683,0.94168944,1.017159046,0.892704034,1.276001724,1.296344127,1.25165474,1.249232562,0.817787082,0.951509837,0.987734557,0.97345839
A0A2K5W0I4,FER,0.499616349,0.415942705,0.471698304,0.406059244,1.470709954,1.465778435,1.430639109,1.45305019,1.186171511,1.270163511,1.292226203,1.210240448,0.815917139,1.008997226,0.938322129,0.973155113,1.232140958,1.013261998,1.147542279,1.105855625,1.213201762,1.240922786,1.338165616,1.33674803,1.110156439,0.809640114,0.917683031,1.002161575,0.483905766,0.506451999,0.693842518,0.539631932
A0A2K5W2Z2,CUL3,0.733762423,0.884625306,0.794723811,0.757493106,0.690282119,0.794770003,0.879489446,0.869070597,1.057064959,0.794900025,1.022131875,1.203738062,1.277157587,1.166002666,1.215284336,1.352501778,1.030903211,1.186643621,1.001969947,0.992148172,0.91557904,1.07580349,0.95519975,0.99778701,0.935556199,0.96513444,1.033905687,1.036292271,1.078444985,1.100950725,1.169747635,1.030935717
A0A2K5W359,AKR1A1,0.72873472,0.621114096,0.483400392,0.557352132,1.751741528,1.61148959,1.601499786,1.697091423,1.085257584,1.04456163,1.084889215,1.172122395,1.086441626,1.107315843,1.252944208,1.309348448,1.168973721,1.245050596,1.186751888,1.228816068,0.96958109,0.845046211,0.896889698,0.88943462,1.103070834,0.826773377,0.827975837,0.966537665,0.349672963,0.39586901,0.351884929,0.552366878
A0A2K5W636,STAT1,0.773159242,0.544231155,0.694223396,0.370187427,1.089291297,0.763004834,1.214253574,1.287247896,1.415183653,1.095450261,1.316999007,1.295225194,0.945433559,0.978310358,1.05361497,0.768690867,1.126378262,1.08108297,1.057808827,0.957047527,1.385174333,1.239710262,1.532956848,1.488245924,0.868237226,0.627056444,0.958931094,0.932235003,0.535060659,0.703747231,,0.901820702
A0A2K5W637,--,0.804334249,0.872643459,0.835342406,0.829907199,1.440561714,1.520928722,1.36499919,1.43149746,1.379035166,1.266568181,1.279335543,1.276375445,1.04469943,1.109534884,0.904989513,0.999760418,0.962963466,0.934069665,0.969497661,1.081235969,0.892475396,0.881874949,0.937127715,0.928149469,0.7776432,0.764515084,0.882023074,0.897346775,0.742743195,0.687098617,0.723109554,0.577613232
A0A2K5W6F0,EZR,0.441603479,0.451731964,0.347977509,0.441330224,1.321263276,1.20482566,1.327842022,1.234886301,0.974899519,1.149723506,1.194573437,0.876744217,1.049977653,1.396186738,1.175700788,1.18002389,1.035332725,1.05768551,1.140198245,1.061853939,0.792927075,0.799237721,0.773701257,0.783896766,1.104551341,1.373406025,1.217184009,1.266181746,1.081948502,0.952237389,0.845085291,0.945282273
A0A2K5W8H0,B4GALT1,0.711041778,,0.943811694,,1.209698438,1.092775675,1.515020222,1.342149818,,,,,0.707671535,1.081688928,0.472061213,1.127896325,1.057101286,,1.031724863,0.657846901,0.944743889,1.02803592,0.816120883,1.260610632,,,,,,,,
A0A2K5W9L0,RUVBL1,0.817854565,1.019955838,0.833003021,0.957626133,0.821205764,0.761091609,0.757737818,0.894224303,0.863031577,1.014045542,0.858691224,1.048022939,1.331495468,1.138207135,1.054499762,1.238754767,0.697173812,0.932142761,0.809348872,0.70216107,1.223420926,1.569488923,1.469912295,1.546892638,0.837933237,0.99964511,1.267926402,1.265047093,0.936529785,0.700456301,0.697517358,0.934955953
A0A2K5WB74,ROCK1,0.568180381,0.602782289,0.492849518,0.570805928,0.924570889,0.946342447,0.900681768,0.867946324,1.311847733,1.348737304,1.297910002,1.363317247,1.232664757,1.135129566,1.091337666,1.148234158,1.202932087,1.147730803,1.100398059,1.177417187,1.266053984,1.164925879,1.186737936,1.277156726,0.895862287,1.017917239,0.929130014,0.978985319,0.692234868,0.652614451,0.786570571,0.719994616
A0A2K5WBX3,NF2,,0.317177494,,,0.593548693,0.826928745,1.086787678,1.327522075,,0.250479208,0.316831431,0.650464931,1.381127441,1.258337801,0.402417069,2.119812136,1.684400082,1.03618962,1.01529227,1.582783024,,1.253650772,1.119957111,,0.866230172,0.89490281,0.683622222,1.331537215,,,,
A0A2K5WF54,B2M,0.816143369,0.63103912,0.609737867,0.899130474,1.921599966,2.084870663,1.883311874,1.805741133,0.893097764,0.806576015,0.862023709,0.86810778,1.268703948,1.247426041,1.250278971,1.074429235,0.931418542,0.967955654,0.905018435,0.932847341,0.905882252,0.799063144,0.86234589,0.882372429,0.903047999,0.69344871,1.32734543,0.995957323,0.51678652,0.455371953,0.599124595,0.399795853
A0A2K5WS68,GSK3A,1.041651058,0.547576192,0.413997996,0.388948277,1.055745903,0.658495433,1.089158725,1.130907241,0.972321964,0.887140738,1.03958617,1.060509156,1.103539853,1.1800321,0.870974914,1.515369411,1.108552842,1.437019373,1.064313059,1.247067889,1.048354332,0.866942594,1.043313933,0.953762331,0.946784956,0.854827363,1.225541881,1.544192577,1.013723287,0.788492053,0.950460945,0.950695453
A0A2K5WSB8,GSN,0.941752443,0.908908727,0.918401429,0.932526714,0.751361433,0.709425475,0.66017507,0.694083643,0.94511994,0.94414913,1.022323605,0.995511047,1.261488716,1.551706298,1.381116778,1.358475669,0.813826989,0.693765096,0.739541821,0.790894636,1.793064833,2.048961248,1.961673293,2.00926422,0.718444906,0.737915715,0.761815843,0.806300178,0.519004127,0.555491414,0.518330628,0.555178935
A0A2K5WUX1,DHX9,0.56900576,0.725541124,0.696951639,0.589386066,1.147550965,1.090517843,1.034391866,1.265939769,1.129507438,1.082149993,0.980714859,0.904982695,1.056387723,0.887770985,0.913507612,1.054740117,1.348893831,1.423388689,1.294578938,1.563388695,0.781460349,1.015256881,0.812861021,1.010312461,0.789304106,0.576235672,1.065298897,1.129670917,1.144861585,0.999122205,1.000681661,0.915637639
A0A2K5WW04,ATG5,,,,1.063552612,0.833476037,0.747769439,0.901159308,0.889066964,1.349201309,1.190019152,1.221839128,1.019252416,0.852883966,0.818233667,0.692728591,0.891065116,1.29124551,1.079464951,1.013032288,1.161074163,1.099152621,1.207661655,1.093804627,1.19166939,1.006285588,0.934584857,0.952800947,0.904551464,,0.594424235,,
A0A2K5WXC4,SPAST,0.279332756,0.289522619,0.309736683,0.272018964,1.283843032,1.196868507,1.126684962,1.191789887,1.350332706,1.531129374,1.321738739,1.323210487,1.239030833,1.217690483,1.196266757,1.148931561,1.464657825,1.27280492,1.304762883,1.340055843,0.873663876,0.776010113,0.813648445,0.774096115,1.210114241,1.16336267,1.200729127,1.073074898,0.630865279,0.64289664,0.573521469,0.607607305
A0A2K5WXY8,HSPA5,1.111548285,1.025358487,1.151676227,1.159496259,0.406613137,0.385856322,0.388961846,0.393415052,0.783335003,0.793101332,0.861560657,0.7668952,1.307492495,1.146966471,1.145404999,1.178390709,0.606117377,0.523197804,0.551861751,0.595307427,1.390549845,1.454011191,1.392006797,1.325344908,0.994656391,0.936652281,1.127177262,1.091860429,1.478302698,1.390364559,1.573638037,1.562878763
A0A2K5WYX7,MTOR,0.675761337,0.967485467,0.565512096,0.827717013,1.084010635,0.822534982,1.179413769,1.20333575,1.062611801,0.817395535,1.068560357,0.928693426,0.930833309,1.008936392,1.05125232,0.947404098,0.907047068,0.783942557,0.976066292,0.868428028,1.801284113,2.126969576,2.208745592,1.983727804,0.850787298,0.742084415,0.725729212,0.982994298,0.350182337,0.341939527,0.708631437,0.499982159
A0A2K5X7X6,ADIPOQ,0.296287707,1.128836889,0.67791935,0.99128685,0.708549647,0.274118853,0.470344985,1.002251738,1.384487211,,,1.881405969,1.192964194,0.738176038,1.131272291,,1.087059513,0.853383584,1.342494182,0.820607902,1.501665388,1.229439457,0.665125121,0.932803729,2.173182046,2.246102827,1.024694621,0.733323824,0.56099029,0.793543331,0.684753349,0.472929115
A0A2K5X958,TFRC,0.925373393,1.065732296,1.010806836,0.988538134,1.088000998,0.93522079,0.993986318,1.043144744,1.1927919,1.145675966,1.048597549,0.984887527,1.218711209,1.040811128,1.082196995,1.088033345,0.832842061,0.851561819,0.887887668,0.939083963,0.983667578,0.918608218,0.960659512,1.081771861,1.091415933,0.998935432,1.011421432,1.028593147,0.818442958,0.890590965,0.98955938,0.862448945
A0A7N9CE32,SCP2,1.15433794,1.27009206,1.220449214,1.184201814,0.443935633,0.502718495,0.468190739,0.460574953,0.785281161,0.8282646,0.696188422,0.754320669,1.55255357,1.544453464,1.500059977,1.412345866,0.566507023,0.578388201,0.54415165,0.695129354,1.27016103,1.385010881,1.419794592,1.218479747,1.140842872,1.278399076,1.317152375,1.194516613,0.892804898,0.937972378,0.865753455,0.916967278
A0A7N9I9Q2,PLCG2,0.389964252,0.402966613,0.405118188,0.402651438,1.11186856,1.207842271,1.20007219,1.244214996,1.212797633,1.243094574,1.243877958,1.149079324,1.068108337,1.076060601,1.124029238,1.11176836,0.994952977,1.006211852,1.020813775,0.998250479,1.139806238,1.150600547,1.174193174,1.162624589,1.132874196,1.099562136,1.135023948,1.154654107,0.794097744,0.792851616,0.813579424,0.836388666
G7NZL0,DHX36,,0.349067112,,,0.801064857,0.6987005,1.024209076,0.493675568,1.568245492,1.12787756,1.123853617,0.976391084,1.100410105,0.988012818,1.320480585,1.297402537,1.25902504,1.36612888,1.304246319,1.22730667,0.51407227,0.606672985,0.674737646,0.666751311,1.296236902,,0.947865709,1.023739744,,1.243825612,,
G7NZU6,PRKCD,0.400022148,0.355616675,0.362108148,0.362485457,1.326297135,1.105311232,1.172637651,1.02480549,1.268891064,1.134785434,1.125008507,1.172052933,1.143851873,1.085589686,1.217438084,1.244361591,1.242272052,1.227969628,1.192480554,1.230871153,0.859579622,0.864800161,1.018479503,0.964043358,1.121067728,1.055387346,1.112969935,1.059652478,0.818320595,0.888396292,0.934765534,0.907680954
G7P4M4,FLOT1,1.569181937,1.691571638,1.374310363,1.538178342,0.769387165,0.919865836,1.005590061,1.025180088,0.771269016,0.689961629,0.749862452,0.719769167,1.18259834,1.011011098,1.04722346,1.018248672,0.622063961,0.511426644,0.591235897,0.560665006,1.21923524,1.362876385,1.398272325,1.175250549,1.324712776,1.162302109,1.257753992,1.079039394,0.499237475,0.699962789,0.814959796,0.637796398
G7P6D2,SMAD1,0.545957385,,0.298645658,,2.053108025,1.39882949,1.874825272,2.058283976,0.997137358,0.698627809,0.680286731,0.759750996,0.917577242,1.518058477,,1.231579179,0.969168053,0.963062348,0.79456981,1.208306571,0.607656637,0.944477809,0.848839655,1.028940701,0.855880865,0.575326114,0.94090832,0.856341908,,0.782003751,,0.591849858
G7P9I7,IGF1R,,,,,1.678137459,1.433233978,0.895707051,1.608885068,,,0.457096186,0.833129915,1.783218673,0.843534664,,0.838284995,0.668045727,,,0.893862573,0.960635391,0.792064936,0.786740947,,,0.975377705,1.145495359,,,,,0.406549373
G7PFA6,HMOX1,0.741567379,1.007031447,0.874372775,0.959276059,1.032721518,,,1.299352711,0.664827295,0.758010491,0.472772005,0.695189197,,0.577212948,0.904234481,0.902333736,1.300970011,1.159504553,0.903247428,1.093128532,0.891656217,,0.496968157,0.921331184,1.310853886,1.052112453,0.940138557,1.142041041,1.305568481,1.925791623,1.437516874,1.230268961
G7PKM2,ACVR1,,0.832506549,1.06443629,0.773728731,1.153491028,1.334765928,0.414404764,0.846203251,0.921786813,0.804114386,0.415910958,0.765219136,1.168109971,1.08687214,1.783096306,1.921891697,0.596799241,1.216646475,0.497044081,0.586203527,0.939212755,1.088571642,1.904848345,0.884135986,,,,,,,,
G8F2Z7,SFRP2,1.458706602,0.96919654,,0.929648062,0.666049068,0.657759733,0.604290066,0.196393565,0.495559206,0.324030824,0.475548085,,0.482328272,0.601927511,,,1.243839615,0.517685019,1.415713124,1.330987453,1.017969335,0.528013744,0.823527622,0.82969913,1.111373394,,0.941078059,,2.726416492,2.24581072,,2.406448759
G8F3M1,RHOA,0.285140781,0.243186701,0.240914985,0.277776544,1.067301617,1.092181487,1.139730072,1.149512718,1.243556124,1.332618712,1.216771942,1.172185471,1.322729747,1.480868393,1.344979917,1.405960968,1.400066348,1.362007024,1.162896734,1.229359243,1.031717225,1.00641881,1.015434348,1.099533612,1.133188121,0.959536398,1.091522043,1.028938141,0.63257208,0.592200665,0.580373743,0.658819286
G8F5P8,APEX1,0.661629997,0.717673177,0.584470875,0.501609433,1.560009993,1.504836766,1.592035273,1.396463051,0.682405153,0.774973662,0.620189751,0.684447744,1.471329814,1.495390049,1.573840342,1.495411216,0.884498848,0.895772254,1.036423133,0.786600553,0.704380464,0.735656441,0.730250455,0.815325938,0.857936704,1.043543625,0.934581474,0.931069912,0.942690453,1.184353254,0.990065853,1.210134345
P10517,APOE,1.242247692,1.325697128,1.298657247,1.292093477,0.626633428,0.585016958,0.594909357,0.637175315,0.801673048,0.819081309,0.780517927,0.777408255,1.081767439,1.101815477,1.052555216,1.137571789,0.839387666,0.843095163,0.819438036,0.875640936,0.470716816,0.474724456,0.482850443,0.455854845,1.287224773,1.361227103,1.316031065,1.35811743,1.509271126,1.584948841,1.573917377,1.592732863
P18658,APOC2,1.02423691,1.232630247,1.269363945,1.323700002,0.543628144,0.510622605,0.478310839,0.572063313,0.769209743,0.862420067,0.678509491,0.742809388,0.950527427,0.936600985,0.771133707,0.966237676,0.91431613,0.838243101,0.956796237,0.9033266,1.106190133,1.008284572,1.225514128,1.060409982,1.245129643,1.123550405,1.50900577,1.321514837,1.253768368,1.545803175,1.079299232,1.276843195
P47896,CETP,,,,,,,,,0.976333711,0.487236933,1.17595496,1.360474396,,,,,,,,,,,,,,,,,,,,
P61271,RAB5A,0.506282397,0.894135554,0.821257167,0.602755016,0.63021343,0.791207734,0.679847133,0.879509865,0.929606441,0.868906374,1.363482368,1.111445943,1.01368952,0.683954457,1.461946399,1.344515259,1.622515075,1.296413822,1.052262181,1.51168119,1.022202108,1.123762593,1.529605506,0.680884605,1.378682656,0.534638357,1.459600118,1.122544229,0.837856712,0.956490255,0.774512423,0.513593114
P67992,PRNP,1.155441628,,0.67749631,1.409296327,0.901043871,0.256343905,1.746334399,1.572373688,0.69267537,0.598701741,,0.780489155,0.207397201,1.26481819,1.106114118,1.165125815,0.230731458,1.477356056,1.511936737,0.339361036,0.890792242,1.016094847,1.103655944,1.375311902,,1.019377585,1.310508312,1.386283915,,,1.110321164,0.694617084
Q4R4K6,RPS6,0.699560037,0.820089383,0.51444006,0.508673594,1.579721828,1.422086848,1.19654245,1.373392081,0.731282256,0.88290822,0.788333148,0.570911199,1.693128501,1.472476503,1.546607908,1.208638866,1.234468907,0.594394131,0.793716563,0.771913731,0.858360438,0.769347735,0.741553635,0.91228185,0.779457907,1.234576871,0.859327678,1.021321153,1.151126538,1.216671099,1.068535481,0.984153403
Q4R4X4,VIM,0.977211548,1.080002337,0.840109283,0.906788271,0.944792326,0.864173283,0.946305364,0.95983077,1.417170294,1.251770398,1.197435114,1.302303935,1.422034997,1.423586339,1.347982345,1.306507881,0.85170413,0.698837547,0.842132732,0.699364237,1.020467184,0.944435134,0.924580826,0.95757079,0.829076559,0.693457645,0.79924578,0.836925201,0.708981601,1.028338809,0.94873963,1.028137709
Q4R549,MIF,0.338468651,0.249261963,0.284588455,0.337473565,2.068390892,2.511948936,2.197831644,2.204219147,1.443006992,1.051197197,1.275423182,0.981632174,0.931521552,0.975983878,1.270294226,1.011647751,1.129261198,0.993588366,1.21402734,1.04299769,0.989513253,0.992530732,1.069165602,0.929212953,0.788680312,0.696950466,0.956828952,0.763471474,0.31316997,0.361251755,0.327648183,0.298811547
Q4R5P1,RAB8A,0.434520871,0.354392684,0.374417455,0.417750224,0.743260568,0.812176577,0.905895364,0.825939143,1.084951584,1.113394749,1.367055081,1.428917841,1.334151384,1.371788113,1.336762621,1.183215563,1.533959923,1.282246775,1.453090959,1.262396615,1.060140868,1.137940901,1.216121905,1.03202047,1.119455887,1.050227694,0.975277004,1.059453004,0.700679158,0.707888499,0.718515994,0.601994524
Q4R6K8,CALR,1.271256529,1.555603863,1.171704794,1.566774839,0.3382574,0.591932876,0.44318081,0.395157913,0.807444267,0.730263774,0.89525974,0.785872625,1.169180048,1.555931904,1.568497056,1.550952706,0.463967496,0.604515601,0.490743864,0.44873408,2.171630198,2.009905857,1.562012383,2.188114271,0.809869429,0.752060944,0.954110927,0.783605626,0.603141929,0.537466311,0.619362397,0.603487544
Q4R834,SIRT2,0.178205699,0.359748384,0.394876295,0.541951589,1.337514177,1.633561789,1.671989435,1.677534363,1.386482918,1.755664845,1.521029825,1.609161237,1.217568915,0.754693454,0.950416542,0.878985825,1.097010416,1.235066246,1.055656997,0.903456584,1.075350807,1.17539307,1.075287764,1.28987937,0.621884531,0.881577757,0.555832538,0.781297649,0.437854508,,0.328649501,0.616416973
Q4R844,HMGB1,0.440234256,0.279446807,0.42783698,0.318454407,2.024576565,2.15493013,2.515583525,2.07061093,0.566928704,0.596522645,0.412138031,0.502903027,1.560835735,1.976238021,1.967434872,2.143714485,0.598229117,0.706054891,0.770702894,0.711474638,0.514986186,0.615136284,0.574080524,0.5291628,0.765692779,0.638537496,0.804545783,0.593810803,0.833401205,1.059843996,1.00783255,1.318118935
Q5VAN0,CD38,0.821559173,0.858383796,0.725621867,0.738160618,1.471571445,1.394056439,1.422457797,1.272359877,0.988126535,1.021644782,0.97179694,0.941859765,1.102566054,1.042299635,1.154119526,1.066415692,1.039465243,1.046200358,0.943410565,1.057962461,0.981416392,0.839257268,0.857956764,0.947575998,1.186908573,1.190921673,1.179354356,1.22541635,0.646009161,0.62040973,0.541296477,0.70343869
Q6LDD9,HPRT1,0.877052886,0.861190662,0.625972168,0.587383942,0.842717576,0.64598331,1.027218554,1.028794924,0.794315352,0.960315876,1.016545215,1.017689178,1.291183908,1.157756225,1.029856784,1.244982034,0.958263311,1.124526563,1.074296188,1.18123757,0.841962232,0.961832038,0.909417733,0.849055897,1.267883188,1.117996669,0.984360993,1.076403488,0.957239765,1.309547524,1.284068348,1.0929499
Q8HXQ1,SOD1,0.687234246,0.22260264,0.737537028,0.446645649,2.144168717,2.122723033,1.552827311,1.173527324,1.255402769,1.800647056,1.13115989,1.567124434,0.704865883,0.785607327,1.148760446,0.664061364,0.858273116,1.175649692,1.522510308,0.545277143,1.413834419,0.581463071,1.083863944,1.276857333,1.342135684,0.415910388,0.606770753,1.147943468,0.244907039,0.725803619,0.605393434,0.308511472
Q8HXX0,PAFAH1B1,0.351309297,0.291925755,0.48614354,0.323455857,1.153442337,1.184678553,1.149837605,1.067220598,1.272634838,1.358077675,1.073725146,1.243671617,1.180264092,1.045413407,1.131727628,1.152651104,1.139954391,1.327379908,1.288973276,1.070591043,0.857509041,0.78851562,0.807897734,0.839434002,1.030891722,1.025616153,1.089525135,1.104648979,0.994392268,1.089091498,1.024251534,1.05514865
Q9GLG1,CAPN2,0.924642928,0.858239152,0.971118906,1.022148896,1.231809389,1.188458294,1.254771417,1.296930683,1.185845337,1.212756131,1.210855071,1.197758289,1.0272175,1.072917589,1.104595697,1.029921111,0.931279307,1.027196169,1.032918013,0.971721486,0.84421717,0.852410657,0.855738178,0.930866033,0.894281965,1.0337019,0.965501048,0.964079919,0.731985322,0.668157174,0.703464093,0.802495174
Q9GLG2,CAPN1,1.122472916,1.025693655,1.09071583,0.961257926,1.327126782,1.3336667,1.313727544,1.309376325,0.637309471,0.640304533,0.648687566,0.638356695,1.125515104,1.153627848,1.111126238,1.085715333,1.181887203,1.1178756,1.094313047,1.162435007,1.090977637,1.022850441,1.047753441,1.056324975,1.04401485,1.053429399,0.995832046,1.032322587,0.641948676,0.601159278,0.637707416,0.694487933
Q9N0A4,PTGES2,0.792364969,0.754494676,0.781838502,,1.236800529,0.674143686,1.049435663,0.878906897,1.213511111,1.011827751,0.96548006,1.10571634,0.979355006,1.081677263,1.185423873,1.243997259,1.219627082,0.99948336,1.143055624,1.276751126,1.127518934,1.142855715,0.840080788,1.050622623,0.902208809,0.825268769,,0.698445144,1.086100253,0.779302155,1.014913849,0.938792186
Q9TSM6,PTP4A1,0.341419751,0.649882041,0.581625637,0.435843058,1.576300618,1.155829219,1.328477769,1.62885532,0.798715563,1.353672737,1.797992946,0.940238777,1.398594884,1.266460986,1.275468284,0.797577307,0.815311238,1.233630864,1.001933314,0.871758881,0.736584435,0.912187773,0.813606452,0.73010313,1.174854733,1.275346143,1.087718347,1.018482211,0.556563206,0.827691725,0.901517269,0.715755382
A0A2K5TK93,MAP2K1,0.512570841,0.692483036,0.315404075,0.422427068,0.70792245,0.878556754,0.765256747,1.052318977,0.87593315,1.118578914,0.737500064,1.046598251,1.326032206,1.445709321,1.632785897,1.966489749,1.352125798,0.710857883,0.890121396,0.980530802,0.880248718,0.987791427,0.866408874,1.147559816,0.91625926,0.992505443,1.456954434,1.583235791,0.729850615,0.587051914,1.254963934,1.166966396
A0A2K5TKQ7,CD63,0.890551385,0.647030908,0.961684675,0.90735064,1.325946737,0.749891409,1.527925144,1.633986864,1.098458181,1.047271872,1.44067785,0.849054507,1.285993748,1.369164582,1.158682793,1.31863309,1.002744395,1.012492851,0.671971091,1.171419422,0.899229079,1.108474096,1.102949664,1.576538303,0.674844903,0.742171961,0.708328127,0.862458864,,0.472356478,0.429779614,0.351936767
A0A2K5TM77,FXR1,0.539669371,0.28639698,0.415689506,0.463436382,0.985176166,1.189853789,1.09319225,1.147866739,1.20378813,1.363873109,1.179446889,1.163486548,0.99464746,1.121642247,1.030523831,1.176990923,1.582865163,1.446407682,1.390831983,1.635596206,1.160714126,1.455620995,1.284178032,1.174067154,0.893712058,0.903370816,0.734005449,0.944525451,0.396679845,0.56808841,0.549243856,0.524412454
A0A2K5TN63,CARD9,1.143730295,0.401260795,0.45824511,,0.704431294,0.444928239,1.020157989,1.12850466,1.021350967,1.024525502,1.07995652,1.159970972,0.897414702,1.170085,1.202902006,1.967730342,1.538610072,0.939674433,1.608805709,1.506949648,0.545397211,0.795522245,0.489852962,0.660606538,1.663249992,1.515049767,1.116247316,1.040919851,0.962535128,0.934413198,0.488279848,0.368691685
