animal_id,legacy,seed_17,seed_29,seed_43
01-YM-C,2,0,3,4
05-OM-CR-C,4,3,1,3
06-OM-CR-C,0,2,3,4
07-OM-CR-C,0,3,2,1
11-YF-C,0,4,1,4
12-OF-CR-C,4,2,3,0
13-OF-CR-C,2,4,0,0
14-OF-CR-C,4,3,0,2
15-OF-CR-C,3,1,1,2
16-OF-CR-C,1,0,0,2
19-YF-C,2,3,0,2
22-OF-VC-C,0,1,3,3
23-OF-VC-C,2,2,2,3
24-OF-VC-C,1,2,2,0
25-OF-VC-C,4,1,3,0
31-OF-VC-C,0,4,3,2
33-YM-C,2,0,1,4
34-YF-C,3,3,0,4
35-YF-C,3,1,1,1
36-YF-C,4,2,4,1
37-YF-C,3,4,3,2
38-YM-C,4,0,4,4
40-YM-C,1,4,1,0
41-YM-C,1,0,3,4
42-YM-C,1,2,4,2
43-OM-Met-C,2,2,1,3
44-OM-Met-C,1,1,2,0
45-OM-Met-C,0,3,3,4
46-OM-Met-C,2,0,0,2
52-OM-Met-C,1,1,2,1
53-MM-C,3,2,3,4
54-MM-C,0,4,2,0
55-MM-C,3,2,4,2
56-MF-C,4,0,4,2
57-MF-C,1,3,4,3
58-MF-C,4,1,2,3
F-GES-1,3,1,0,0
F-GES-2,4,3,1,2
F-GES-3,0,4,0,2
F-GES-4,2,0,4,0
F-V-1,3,3,4,1
F-V-2,1,1,2,1
F-V-3,3,2,1,1
F-V-4,3,3,4,0
F-WT-1,0,4,2,1
F-WT-2,1,1,2,4
F-WT-3,2,4,0,3
F-WT-4,4,4,3,1
M-GES-1,4,4,4,4
M-GES-2,0,3,1,1
M-GES-3,3,0,4,4
M-GES-4,2,0,2,3
M-V-1,1,2,1,0
M-V-2,0,2,0,0
M-V-3,2,0,2,3
M-V-4,4,4,1,1
M-WT-1,3,3,0,1
M-WT-2,2,1,0,0
M-WT-3,1,0,0,3
M-WT-4,0,0,4,3
